{"cameraMode":{"drawMode":0,"name":"Shaded","section":"Shading Mode"},"sceneLighting":true,"audioPlay":false,"sceneViewState":{"m_AlwaysRefresh":false,"showFog":true,"showSkybox":true,"showFlares":true,"showImageEffects":true,"showParticleSystems":true,"showVisualEffectGraphs":true,"m_FxEnabled":true},"in2DMode":false,"pivot":{"x":19.865367889404298,"y":67.24620819091797,"z":-84.80048370361328},"rotation":{"x":-0.20329560339450837,"y":-0.31316688656806948,"z":0.06881748884916306,"w":-0.9251299500465393},"size":25.749591827392579,"orthographic":false}